team_0,team_0_ranking,team_0_rating_average,team_0_k_total,team_0_a_total,team_0_d_total,team_0_k_avarage,team_0_a_avarage,team_0_d_avarage,team_0_adr_avarage,team_1,team_1_ranking,team_1_rating_average,team_1_k_total,team_1_a_total,team_1_d_total,team_1_k_avarage,team_1_a_avarage,team_1_d_avarage,team_1_adr_avarage,delta_ranking,delta_rating,delta_kills,delta_assists,delta_deaths,delta_adr,winner
Spirit Spirit,1, 1.20,85,24,73, 17.00, 4.80, 14.60, 75.50,HEROIC HEROIC,19, 0.92,73,31,85, 14.60, 6.20, 17.00, 70.38,-18, 0.28,12,-7,-12, 25.6,0
Spirit Spirit,1, 1.47,67,12,43, 13.40, 2.40, 8.60, 86.08,HEROIC HEROIC,19, 0.65,43,10,68, 8.60, 2.00, 13.60, 60.48,-18, 0.82,24,2,-25, 128.0,0
G2 G2,2, 1.58,64,25,43, 12.80, 5.00, 8.60, 87.38,BetBoom BetBoom,16, 0.68,43,14,65, 8.60, 2.80, 13.00, 62.88,-14, 0.90,21,11,-22, 122.5,0
G2 G2,2, 1.43,65,35,47, 13.00, 7.00, 9.40, 84.18,BetBoom BetBoom,16, 0.74,46,16,65, 9.20, 3.20, 13.00, 66.56,-14, 0.69,19,19,-18, 88.1,0
Vitality Vitality,4, 0.84,58,16,73, 11.60, 3.20, 14.60, 64.00,Eternal Fire Eternal Fire,13, 1.20,72,25,59, 14.40, 5.00, 11.80, 71.44,-9,-0.36,-14,-9,14,-37.2,1
Vitality Vitality,4, 1.02,76,28,82, 15.20, 5.60, 16.40, 68.38,Eternal Fire Eternal Fire,13, 1.10,82,26,76, 16.40, 5.20, 15.20, 73.56,-9,-0.08,-6,2,6,-25.9,1
Natus Vincere Natus Vincere,4, 1.13,100,36,94, 20.00, 7.20, 18.80, 76.42,paiN paiN,12, 1.01,94,32,101, 18.80, 6.40, 20.20, 71.34,-8, 0.12,6,4,-7, 25.4,0
Natus Vincere Natus Vincere,4, 0.90,60,11,73, 12.00, 2.20, 14.60, 68.60,paiN paiN,12, 1.16,73,15,60, 14.60, 3.00, 12.00, 76.06,-8,-0.26,-13,-4,13,-37.3,1
Natus Vincere Natus Vincere,4, 1.17,95,33,77, 19.00, 6.60, 15.40, 70.90,paiN paiN,12, 0.79,77,26,96, 15.40, 5.20, 19.20, 59.86,-8, 0.38,18,7,-19, 55.2,0
G2 G2,2, 1.15,85,31,78, 17.00, 6.20, 15.60, 77.34,Eternal Fire Eternal Fire,13, 1.00,78,28,85, 15.60, 5.60, 17.00, 71.58,-11, 0.15,7,3,-7, 28.8,1
G2 G2,2, 1.09,69,32,66, 13.80, 6.40, 13.20, 68.08,Eternal Fire Eternal Fire,13, 0.96,66,35,69, 13.20, 7.00, 13.80, 68.94,-11, 0.13,3,-3,-3,-4.3,0
G2 G2,2, 0.99,75,28,86, 15.00, 5.60, 17.20, 71.18,Eternal Fire Eternal Fire,13, 1.14,86,24,75, 17.20, 4.80, 15.00, 80.86,-11,-0.15,-11,4,11,-48.4,0
Natus Vincere Natus Vincere,3, 0.86,58,18,75, 11.60, 3.60, 15.00, 60.66,Spirit Spirit,1, 1.15,75,25,58, 15.00, 5.00, 11.60, 73.56,2,-0.29,-17,-7,17,-64.5,1
Natus Vincere Natus Vincere,3, 1.01,135,55,139, 27.00, 11.00, 27.80, 70.60,Spirit Spirit,1, 1.06,139,58,138, 27.80, 11.60, 27.60, 71.84,2,-0.05,-4,-3,1,-6.2,1
Eternal Fire Eternal Fire,13, 1.04,103,41,101, 20.60, 8.20, 20.20, 75.60,Spirit Spirit,1, 1.04,100,34,106, 20.00, 6.80, 21.20, 72.74,12, 0.00,3,7,-5, 14.3,0
Eternal Fire Eternal Fire,13, 0.83,57,16,73, 11.40, 3.20, 14.60, 70.78,Spirit Spirit,1, 1.27,73,24,60, 14.60, 4.80, 12.00, 81.66,12,-0.44,-16,-8,13,-54.4,1
Eternal Fire Eternal Fire,13, 0.74,42,25,68, 8.40, 5.00, 13.60, 59.54,Spirit Spirit,1, 1.48,68,25,42, 13.60, 5.00, 8.40, 88.88,12,-0.74,-26,0,26,-146.7,1
Eternal Fire Eternal Fire,13, 0.90,66,18,82, 13.20, 3.60, 16.40, 71.56,Spirit Spirit,1, 1.30,81,26,67, 16.20, 5.20, 13.40, 83.48,12,-0.40,-15,-8,15,-59.6,1
Falcons Falcons,14, 0.84,57,19,77, 11.40, 3.80, 15.40, 63.76,Eternal Fire Eternal Fire,5, 1.32,77,30,58, 15.40, 6.00, 11.60, 78.76,9,-0.48,-20,-11,19,-75.0,1
Falcons Falcons,14, 0.79,49,21,74, 9.80, 4.20, 14.80, 63.34,Eternal Fire Eternal Fire,5, 1.39,74,19,49, 14.80, 3.80, 9.80, 86.54,9,-0.60,-25,2,25,-116.0,1
Vitality Vitality,2, 1.08,119,38,116, 23.80, 7.60, 23.20, 77.84,3DMAX 3DMAX,16, 1.03,116,44,119, 23.20, 8.80, 23.80, 71.36,-14, 0.05,3,-6,-3, 32.4,0
Vitality Vitality,2, 1.27,86,24,63, 17.20, 4.80, 12.60, 82.08,3DMAX 3DMAX,16, 0.85,63,20,87, 12.60, 4.00, 17.40, 65.44,-14, 0.42,23,4,-24, 83.2,0
G2 G2,4, 0.88,62,28,74, 12.40, 5.60, 14.80, 69.68,Virtus.pro Virtus.pro,10, 1.16,74,27,62, 14.80, 5.40, 12.40, 71.94,-6,-0.28,-12,1,12,-11.3,1
G2 G2,4, 1.00,94,26,98, 18.80, 5.20, 19.60, 68.34,Virtus.pro Virtus.pro,10, 1.05,98,28,94, 19.60, 5.60, 18.80, 71.58,-6,-0.05,-4,-2,4,-16.2,1
FaZe FaZe,6, 1.09,78,27,75, 15.60, 5.40, 15.00, 77.44,BIG BIG,18, 0.99,75,24,78, 15.00, 4.80, 15.60, 73.28,-12, 0.10,3,3,-3, 20.8,0
FaZe FaZe,6, 0.98,73,18,81, 14.60, 3.60, 16.20, 74.44,BIG BIG,18, 1.18,81,26,73, 16.20, 5.20, 14.60, 79.68,-12,-0.20,-8,-8,8,-26.2,1
FaZe FaZe,6, 1.33,77,24,53, 15.40, 4.80, 10.60, 82.12,BIG BIG,18, 0.68,50,12,81, 10.00, 2.40, 16.20, 60.40,-12, 0.65,27,12,-28, 108.6,0
MOUZ MOUZ,8, 0.91,64,23,83, 12.80, 4.60, 16.60, 67.26,GamerLegion GamerLegion,13, 1.22,82,25,65, 16.40, 5.00, 13.00, 80.82,-5,-0.31,-18,-2,18,-67.8,1
MOUZ MOUZ,8, 1.03,84,27,81, 16.80, 5.40, 16.20, 76.22,GamerLegion GamerLegion,13, 1.00,80,30,86, 16.00, 6.00, 17.20, 72.26,-5, 0.03,4,-3,-5, 19.8,1
Natus Vincere Natus Vincere,3, 1.55,77,25,40, 15.40, 5.00, 8.00, 90.68,FURIA FURIA,12, 0.59,38,19,77, 7.60, 3.80, 15.40, 52.66,-9, 0.96,39,6,-37, 190.1,0
Natus Vincere Natus Vincere,3, 1.47,59,18,38, 11.80, 3.60, 7.60, 78.16,FURIA FURIA,12, 0.61,36,16,59, 7.20, 3.20, 11.80, 59.28,-9, 0.86,23,2,-21, 94.4,0
Spirit Spirit,1, 1.32,71,11,49, 14.20, 2.20, 9.80, 84.76,Astralis Astralis,11, 0.74,47,20,71, 9.40, 4.00, 14.20, 59.28,-10, 0.58,24,-9,-22, 127.4,0
Spirit Spirit,1, 1.38,66,21,48, 13.20, 4.20, 9.60, 80.96,Astralis Astralis,11, 0.76,48,22,67, 9.60, 4.40, 13.40, 64.40,-10, 0.62,18,-1,-19, 82.8,0
The MongolZ The MongolZ,7, 0.89,70,19,84, 14.00, 3.80, 16.80, 67.06,Liquid Liquid,9, 1.18,83,27,70, 16.60, 5.40, 14.00, 77.92,-2,-0.29,-13,-8,14,-54.3,1
The MongolZ The MongolZ,7, 1.19,77,28,64, 15.40, 5.60, 12.80, 77.02,Liquid Liquid,9, 0.91,64,25,77, 12.80, 5.00, 15.40, 69.06,-2, 0.28,13,3,-13, 39.8,0
The MongolZ The MongolZ,7, 1.00,73,32,82, 14.60, 6.40, 16.40, 69.02,Liquid Liquid,9, 1.05,80,41,74, 16.00, 8.20, 14.80, 74.70,-2,-0.05,-7,-9,8,-28.4,0
Falcons Falcons,14, 0.92,63,25,80, 12.60, 5.00, 16.00, 66.00,G2 G2,4, 1.19,79,27,64, 15.80, 5.40, 12.80, 76.66,10,-0.27,-16,-2,16,-53.3,1
Falcons Falcons,14, 1.28,72,24,48, 14.40, 4.80, 9.60, 77.00,G2 G2,4, 0.70,48,16,72, 9.60, 3.20, 14.40, 55.08,10, 0.58,24,8,-24, 109.6,0
Falcons Falcons,14, 1.02,83,33,92, 16.60, 6.60, 18.40, 77.32,G2 G2,4, 1.20,92,37,84, 18.40, 7.40, 16.80, 82.70,10,-0.18,-9,-4,8,-26.9,1
Eternal Fire Eternal Fire,5, 1.18,77,31,60, 15.40, 6.20, 12.00, 73.30,Virtus.pro Virtus.pro,10, 0.86,60,24,77, 12.00, 4.80, 15.40, 63.10,-5, 0.32,17,7,-17, 51.0,0
Eternal Fire Eternal Fire,5, 1.05,75,33,76, 15.00, 6.60, 15.20, 74.06,Virtus.pro Virtus.pro,10, 1.07,74,33,76, 14.80, 6.60, 15.20, 69.58,-5,-0.02,1,0,0, 22.4,1
Eternal Fire Eternal Fire,5, 0.89,85,29,103, 17.00, 5.80, 20.60, 67.06,Virtus.pro Virtus.pro,10, 1.14,101,39,85, 20.20, 7.80, 17.00, 75.28,-5,-0.25,-16,-10,18,-41.1,1
3DMAX 3DMAX,16, 1.11,84,23,80, 16.80, 4.60, 16.00, 78.06,BIG BIG,18, 0.97,80,30,84, 16.00, 6.00, 16.80, 72.42,-2, 0.14,4,-7,-4, 28.2,0
3DMAX 3DMAX,16, 1.31,71,20,56, 14.20, 4.00, 11.20, 79.18,BIG BIG,18, 0.86,55,17,71, 11.00, 3.40, 14.20, 66.00,-2, 0.45,16,3,-15, 65.9,0
Vitality Vitality,2, 1.50,66,20,39, 13.20, 4.00, 7.80, 85.30,FaZe FaZe,6, 0.62,38,12,67, 7.60, 2.40, 13.40, 56.58,-4, 0.88,28,8,-28, 143.6,0
Vitality Vitality,2, 1.07,77,36,80, 15.40, 7.20, 16.00, 73.54,FaZe FaZe,6, 1.06,79,37,77, 15.80, 7.40, 15.40, 76.30,-4, 0.01,-2,-1,3,-13.8,1
Vitality Vitality,2, 1.12,126,52,124, 25.20, 10.40, 24.80, 77.20,FaZe FaZe,6, 1.01,123,44,126, 24.60, 8.80, 25.20, 77.28,-4, 0.11,3,8,-2,-0.4,0
GamerLegion GamerLegion,13, 0.94,71,22,80, 14.20, 4.40, 16.00, 69.24,The MongolZ The MongolZ,7, 1.10,80,15,71, 16.00, 3.00, 14.20, 74.16,6,-0.16,-9,7,9,-24.6,1
GamerLegion GamerLegion,13, 0.72,52,16,80, 10.40, 3.20, 16.00, 65.40,The MongolZ The MongolZ,7, 1.51,80,27,53, 16.00, 5.40, 10.60, 91.60,6,-0.79,-28,-11,27,-131.0,1
MOUZ MOUZ,8, 0.79,54,16,74, 10.80, 3.20, 14.80, 62.32,Liquid Liquid,9, 1.20,72,17,55, 14.40, 3.40, 11.00, 78.70,-1,-0.41,-18,-1,19,-81.9,1
MOUZ MOUZ,8, 0.86,55,27,79, 11.00, 5.40, 15.80, 64.30,Liquid Liquid,9, 1.32,79,30,55, 15.80, 6.00, 11.00, 84.02,-1,-0.46,-24,-3,24,-98.6,1
FURIA FURIA,12, 0.98,68,26,73, 13.60, 5.20, 14.60, 68.94,Astralis Astralis,11, 1.04,72,35,69, 14.40, 7.00, 13.80, 69.86,1,-0.06,-4,-9,4,-4.6,1
FURIA FURIA,12, 1.14,72,28,62, 14.40, 5.60, 12.40, 74.74,Astralis Astralis,11, 0.86,62,26,74, 12.40, 5.20, 14.80, 68.28,1, 0.28,10,2,-12, 32.3,0
FURIA FURIA,12, 0.95,72,24,75, 14.40, 4.80, 15.00, 68.04,Astralis Astralis,11, 1.04,75,25,74, 15.00, 5.00, 14.80, 66.50,1,-0.09,-3,-1,1, 7.7,1
Natus Vincere Natus Vincere,3, 1.16,74,26,68, 14.80, 5.20, 13.60, 75.82,Spirit Spirit,1, 0.98,68,20,74, 13.60, 4.00, 14.80, 75.56,2, 0.18,6,6,-6, 1.3,0
Natus Vincere Natus Vincere,3, 0.97,70,26,75, 14.00, 5.20, 15.00, 65.46,Spirit Spirit,1, 1.04,75,24,70, 15.00, 4.80, 14.00, 68.06,2,-0.07,-5,2,5,-13.0,1
Natus Vincere Natus Vincere,3, 1.03,104,31,102, 20.80, 6.20, 20.40, 74.98,Spirit Spirit,1, 1.01,102,29,105, 20.40, 5.80, 21.00, 74.52,2, 0.02,2,2,-3, 2.3,0
Eternal Fire Eternal Fire,5, 0.89,51,19,63, 10.20, 3.80, 12.60, 67.34,3DMAX 3DMAX,16, 1.28,63,27,51, 12.60, 5.40, 10.20, 78.16,-11,-0.39,-12,-8,12,-54.1,1
Eternal Fire Eternal Fire,5, 1.10,99,39,85, 19.80, 7.80, 17.00, 73.52,3DMAX 3DMAX,16, 0.97,85,33,99, 17.00, 6.60, 19.80, 67.06,-11, 0.13,14,6,-14, 32.3,0
Eternal Fire Eternal Fire,5, 1.14,80,27,71, 16.00, 5.40, 14.20, 71.42,3DMAX 3DMAX,16, 0.94,71,23,80, 14.20, 4.60, 16.00, 70.18,-11, 0.20,9,4,-9, 6.2,0
G2 G2,4, 1.02,100,38,107, 20.00, 7.60, 21.40, 78.06,FaZe FaZe,6, 1.14,107,38,100, 21.40, 7.60, 20.00, 80.26,-2,-0.12,-7,0,7,-11.0,1
G2 G2,4, 1.10,74,32,74, 14.80, 6.40, 14.80, 71.50,FaZe FaZe,6, 1.00,74,20,74, 14.80, 4.00, 14.80, 69.08,-2, 0.10,0,12,0, 12.1,0
G2 G2,4, 0.84,58,14,79, 11.60, 2.80, 15.80, 65.40,FaZe FaZe,6, 1.27,79,30,58, 15.80, 6.00, 11.60, 79.18,-2,-0.43,-21,-16,21,-68.9,1
GamerLegion GamerLegion,13, 1.17,76,18,67, 15.20, 3.60, 13.40, 82.94,Astralis Astralis,11, 1.02,67,26,76, 13.40, 5.20, 15.20, 74.72,2, 0.15,9,-8,-9, 41.1,0
GamerLegion GamerLegion,13, 1.33,74,28,54, 14.80, 5.60, 10.80, 81.84,Astralis Astralis,11, 0.83,54,17,74, 10.80, 3.40, 14.80, 71.32,2, 0.50,20,11,-20, 52.6,0
Liquid Liquid,9, 0.90,63,28,70, 12.60, 5.60, 14.00, 60.96,Spirit Spirit,1, 1.03,68,24,64, 13.60, 4.80, 12.80, 66.08,8,-0.13,-5,4,6,-25.6,1
Liquid Liquid,9, 0.81,56,20,77, 11.20, 4.00, 15.40, 65.44,Spirit Spirit,1, 1.24,76,19,56, 15.20, 3.80, 11.20, 76.34,8,-0.43,-20,1,21,-54.5,1
Virtus.pro Virtus.pro,10, 0.81,55,22,75, 11.00, 4.40, 15.00, 60.86,Vitality Vitality,2, 1.22,75,23,55, 15.00, 4.60, 11.00, 79.50,8,-0.41,-20,-1,20,-93.2,1
Virtus.pro Virtus.pro,10, 0.97,57,25,63, 11.40, 5.00, 12.60, 70.08,Vitality Vitality,2, 1.17,62,30,58, 12.40, 6.00, 11.60, 76.14,8,-0.20,-5,-5,5,-30.3,1
Eternal Fire Eternal Fire,5, 1.43,67,25,44, 13.40, 5.00, 8.80, 84.20,FaZe FaZe,6, 0.77,44,16,68, 8.80, 3.20, 13.60, 61.62,-1, 0.66,23,9,-24, 112.9,0
Eternal Fire Eternal Fire,5, 1.10,168,45,160, 33.60, 9.00, 32.00, 76.42,FaZe FaZe,6, 1.01,159,54,169, 31.80, 10.80, 33.80, 72.52,-1, 0.09,9,-9,-9, 19.5,0
The MongolZ The MongolZ,7, 0.54,36,6,63, 7.20, 1.20, 12.60, 57.20,Natus Vincere Natus Vincere,3, 1.47,63,19,37, 12.60, 3.80, 7.40, 83.12,4,-0.93,-27,-13,26,-129.6,1
The MongolZ The MongolZ,7, 0.81,62,23,90, 12.40, 4.60, 18.00, 66.40,Natus Vincere Natus Vincere,3, 1.38,90,41,63, 18.00, 8.20, 12.60, 85.06,4,-0.57,-28,-18,27,-93.3,1
GamerLegion GamerLegion,13, 1.11,80,21,70, 16.00, 4.20, 14.00, 73.94,Spirit Spirit,1, 0.94,70,26,80, 14.00, 5.20, 16.00, 67.44,12, 0.17,10,-5,-10, 32.5,0
GamerLegion GamerLegion,13, 0.74,52,31,86, 10.40, 6.20, 17.20, 60.78,Spirit Spirit,1, 1.42,81,33,52, 16.20, 6.60, 10.40, 91.06,12,-0.68,-29,-2,34,-151.4,1
GamerLegion GamerLegion,13, 0.73,43,16,70, 8.60, 3.20, 14.00, 57.68,Spirit Spirit,1, 1.37,69,26,43, 13.80, 5.20, 8.60, 83.74,12,-0.64,-26,-10,27,-130.3,1
The MongolZ The MongolZ,7, 1.38,77,26,52, 15.40, 5.20, 10.40, 80.92,Eternal Fire Eternal Fire,5, 0.73,51,20,77, 10.20, 4.00, 15.40, 64.52,2, 0.65,26,6,-25, 82.0,0
The MongolZ The MongolZ,7, 1.09,141,34,126, 28.20, 6.80, 25.20, 77.28,Eternal Fire Eternal Fire,5, 0.98,126,40,142, 25.20, 8.00, 28.40, 72.22,2, 0.11,15,-6,-16, 25.3,0
Virtus.pro Virtus.pro,10, 0.67,37,13,69, 7.40, 2.60, 13.80, 59.58,Spirit Spirit,1, 1.58,69,16,37, 13.80, 3.20, 7.40, 94.84,9,-0.91,-32,-3,32,-176.3,1
Virtus.pro Virtus.pro,10, 0.75,59,25,86, 11.80, 5.00, 17.20, 64.14,Spirit Spirit,1, 1.25,83,35,62, 16.60, 7.00, 12.40, 80.34,9,-0.50,-24,-10,24,-81.0,1
Vitality Vitality,2, 1.29,79,35,62, 15.80, 7.00, 12.40, 85.04,The MongolZ The MongolZ,7, 0.89,61,15,79, 12.20, 3.00, 15.80, 67.58,-5, 0.40,18,20,-17, 87.3,0
Vitality Vitality,2, 1.28,84,36,70, 16.80, 7.20, 14.00, 81.72,The MongolZ The MongolZ,7, 0.86,70,25,85, 14.00, 5.00, 17.00, 67.66,-5, 0.42,14,11,-15, 70.3,0
Natus Vincere Natus Vincere,3, 0.89,65,20,80, 13.00, 4.00, 16.00, 69.04,Spirit Spirit,1, 1.21,80,22,66, 16.00, 4.40, 13.20, 79.38,2,-0.32,-15,-2,14,-51.7,1
Natus Vincere Natus Vincere,3, 0.92,88,35,103, 17.60, 7.00, 20.60, 69.96,Spirit Spirit,1, 1.15,103,41,88, 20.60, 8.20, 17.60, 75.56,2,-0.23,-15,-6,15,-28.0,1
Vitality Vitality,2, 1.38,77,26,51, 15.40, 5.20, 10.20, 87.24,Spirit Spirit,1, 0.77,51,15,77, 10.20, 3.00, 15.40, 61.10,1, 0.61,26,11,-26, 130.7,0
Vitality Vitality,2, 1.45,71,16,40, 14.20, 3.20, 8.00, 82.66,Spirit Spirit,1, 0.60,40,8,71, 8.00, 1.60, 14.20, 53.88,1, 0.85,31,8,-31, 143.9,0
Vitality Vitality,2, 1.22,90,33,78, 18.00, 6.60, 15.60, 84.20,Spirit Spirit,1, 0.94,78,29,91, 15.60, 5.80, 18.20, 70.24,1, 0.28,12,4,-13, 69.8,0
Natus Vincere Natus Vincere,1, 0.87,61,19,76, 12.20, 3.80, 15.20, 75.46,Astralis Astralis,17, 1.31,76,22,61, 15.20, 4.40, 12.20, 85.56,-16,-0.44,-15,-3,15,-50.5,1
Natus Vincere Natus Vincere,1, 0.86,56,20,80, 11.20, 4.00, 16.00, 64.84,Astralis Astralis,17, 1.34,79,20,56, 15.80, 4.00, 11.20, 87.10,-16,-0.48,-23,0,24,-111.3,1
MOUZ MOUZ,4, 1.18,101,37,83, 20.20, 7.40, 16.60, 74.44,FaZe FaZe,6, 0.87,82,33,101, 16.40, 6.60, 20.20, 63.90,-2, 0.31,19,4,-18, 52.7,0
MOUZ MOUZ,4, 0.96,75,19,85, 15.00, 3.80, 17.00, 71.68,FaZe FaZe,6, 1.13,85,26,76, 17.00, 5.20, 15.20, 77.90,-2,-0.17,-10,-7,9,-31.1,0
G2 G2,2, 0.47,25,6,64, 5.00, 1.20, 12.80, 48.80,Liquid Liquid,9, 1.77,63,22,25, 12.60, 4.40, 5.00, 98.04,-7,-1.30,-38,-16,39,-246.2,1
G2 G2,2, 1.27,68,25,54, 13.60, 5.00, 10.80, 76.82,Liquid Liquid,9, 0.79,54,20,68, 10.80, 4.00, 13.60, 64.54,-7, 0.48,14,5,-14, 61.4,0
G2 G2,2, 1.26,72,16,56, 14.40, 3.20, 11.20, 78.52,Liquid Liquid,9, 0.86,56,10,72, 11.20, 2.00, 14.40, 68.46,-7, 0.40,16,6,-16, 50.3,0
Vitality Vitality,3, 0.90,59,34,74, 11.80, 6.80, 14.80, 62.30,Spirit Spirit,5, 1.14,74,20,59, 14.80, 4.00, 11.80, 74.18,-2,-0.24,-15,14,15,-59.4,1
Vitality Vitality,3, 0.88,71,29,93, 14.20, 5.80, 18.60, 69.64,Spirit Spirit,5, 1.17,86,25,72, 17.20, 5.00, 14.40, 79.30,-2,-0.29,-15,4,21,-48.3,1
Natus Vincere Natus Vincere,1, 1.46,76,21,43, 15.20, 4.20, 8.60, 86.12,FaZe FaZe,6, 0.64,43,16,76, 8.60, 3.20, 15.20, 55.50,-5, 0.82,33,5,-33, 153.1,0
Natus Vincere Natus Vincere,1, 0.77,53,19,76, 10.60, 3.80, 15.20, 61.58,FaZe FaZe,6, 1.26,76,32,53, 15.20, 6.40, 10.60, 76.32,-5,-0.49,-23,-13,23,-73.7,1
Natus Vincere Natus Vincere,1, 0.84,58,24,80, 11.60, 4.80, 16.00, 68.96,FaZe FaZe,6, 1.35,79,31,58, 15.80, 6.20, 11.60, 85.64,-5,-0.51,-21,-7,22,-83.4,1
Astralis Astralis,17, 1.38,77,42,56, 15.40, 8.40, 11.20, 81.16,MOUZ MOUZ,4, 0.80,56,25,77, 11.20, 5.00, 15.40, 66.18,13, 0.58,21,17,-21, 74.9,0
Astralis Astralis,17, 1.20,83,23,63, 16.60, 4.60, 12.60, 77.94,MOUZ MOUZ,4, 0.91,63,21,83, 12.60, 4.20, 16.60, 65.84,13, 0.29,20,2,-20, 60.5,0
Liquid Liquid,9, 1.08,78,22,68, 15.60, 4.40, 13.60, 72.08,Vitality Vitality,3, 0.98,68,26,78, 13.60, 5.20, 15.60, 69.14,6, 0.10,10,-4,-10, 14.7,0
Liquid Liquid,9, 0.70,41,11,56, 8.20, 2.20, 11.20, 60.82,Vitality Vitality,3, 1.31,55,29,41, 11.00, 5.80, 8.20, 76.24,6,-0.61,-14,-18,15,-77.1,1
Liquid Liquid,9, 1.09,79,25,78, 15.80, 5.00, 15.60, 70.24,Vitality Vitality,3, 1.01,77,24,79, 15.40, 4.80, 15.80, 68.40,6, 0.08,2,1,-1, 9.2,1
G2 G2,2, 1.16,100,43,89, 20.00, 8.60, 17.80, 73.24,Spirit Spirit,5, 0.93,89,27,101, 17.80, 5.40, 20.20, 67.62,-3, 0.23,11,16,-12, 28.1,0
G2 G2,2, 1.05,77,27,82, 15.40, 5.40, 16.40, 75.96,Spirit Spirit,5, 1.09,82,26,77, 16.40, 5.20, 15.40, 77.88,-3,-0.04,-5,1,5,-9.6,0
MOUZ MOUZ,4, 0.76,48,16,68, 9.60, 3.20, 13.60, 63.22,MOUZ MOUZ,3, 0.76,48,16,68, 9.60, 3.20, 13.60, 63.22,1, 0.00,0,0,0, 0.0,1
MOUZ MOUZ,4, 0.71,45,15,73, 9.00, 3.00, 14.60, 53.80,Vitality Vitality,3, 1.36,73,23,45, 14.60, 4.60, 9.00, 84.12,1,-0.65,-28,-8,28,-151.6,1
FaZe FaZe,6, 0.86,68,16,85, 13.60, 3.20, 17.00, 68.98,Spirit Spirit,5, 1.21,85,24,69, 17.00, 4.80, 13.80, 80.44,1,-0.35,-17,-8,16,-57.3,1
FaZe FaZe,6, 0.98,114,40,124, 22.80, 8.00, 24.80, 71.42,Spirit Spirit,5, 1.14,124,40,114, 24.80, 8.00, 22.80, 74.58,1,-0.16,-10,0,10,-15.8,1
G2 G2,2, 1.20,85,25,73, 17.00, 5.00, 14.60, 82.14,Vitality Vitality,3, 1.00,73,32,85, 14.60, 6.40, 17.00, 69.14,-1, 0.20,12,-7,-12, 65.0,0
G2 G2,2, 0.81,52,20,73, 10.40, 4.00, 14.60, 63.20,Vitality Vitality,3, 1.22,71,22,52, 14.20, 4.40, 10.40, 78.44,-1,-0.41,-19,-2,21,-76.2,1
G2 G2,2, 1.25,75,25,53, 15.00, 5.00, 10.60, 76.00,Vitality Vitality,3, 0.77,53,16,76, 10.60, 3.20, 15.20, 59.60,-1, 0.48,22,9,-23, 82.0,0
Astralis Astralis,17, 0.73,44,15,72, 8.80, 3.00, 14.40, 59.10,Spirit Spirit,5, 1.40,72,21,45, 14.40, 4.20, 9.00, 85.48,12,-0.67,-28,-6,27,-131.9,1
Astralis Astralis,17, 1.57,70,31,41, 14.00, 6.20, 8.20, 89.00,Spirit Spirit,5, 0.63,41,10,70, 8.20, 2.00, 14.00, 64.50,12, 0.94,29,21,-29, 122.5,0
Astralis Astralis,17, 0.73,46,24,74, 9.20, 4.80, 14.80, 63.26,Spirit Spirit,5, 1.47,74,30,46, 14.80, 6.00, 9.20, 89.08,12,-0.74,-28,-6,28,-129.1,1
G2 G2,2, 1.16,69,31,66, 13.80, 6.20, 13.20, 75.70,Spirit Spirit,5, 0.96,64,13,69, 12.80, 2.60, 13.80, 71.54,-3, 0.20,5,18,-3, 20.8,0
G2 G2,2, 1.52,79,29,47, 15.80, 5.80, 9.40, 89.36,Spirit Spirit,5, 0.68,47,18,79, 9.40, 3.60, 15.80, 63.18,-3, 0.84,32,11,-32, 130.9,0
G2 G2,2, 1.23,72,21,59, 14.40, 4.20, 11.80, 76.68,Spirit Spirit,5, 0.89,59,22,72, 11.80, 4.40, 14.40, 68.72,-3, 0.34,13,-1,-13, 39.8,0
Natus Vincere Natus Vincere,1, 1.46,73,27,47, 14.60, 5.40, 9.40, 84.48,Falcons Falcons,19, 0.64,46,12,73, 9.20, 2.40, 14.60, 57.40,-18, 0.82,27,15,-26, 135.4,0
Natus Vincere Natus Vincere,1, 1.27,88,38,68, 17.60, 7.60, 13.60, 82.62,Falcons Falcons,19, 0.84,68,18,89, 13.60, 3.60, 17.80, 70.56,-18, 0.43,20,20,-21, 60.3,0
G2 G2,3, 1.35,81,21,60, 16.20, 4.20, 12.00, 86.78,FaZe FaZe,7, 0.90,60,22,81, 12.00, 4.40, 16.20, 69.70,-4, 0.45,21,-1,-21, 85.4,0
G2 G2,3, 0.88,53,21,67, 10.60, 4.20, 13.40, 64.44,FaZe FaZe,7, 1.14,67,27,54, 13.40, 5.40, 10.80, 74.52,-4,-0.26,-14,-6,13,-50.4,1
G2 G2,3, 1.05,67,22,65, 13.40, 4.40, 13.00, 70.18,FaZe FaZe,7, 0.91,65,24,67, 13.00, 4.80, 13.40, 66.00,-4, 0.14,2,-2,-2, 20.9,0
Vitality Vitality,2, 1.81,65,20,24, 13.00, 4.00, 4.80, 99.54,Astralis Astralis,20, 0.41,24,8,65, 4.80, 1.60, 13.00, 47.24,-18, 1.40,41,12,-41, 261.5,0
Vitality Vitality,2, 1.52,68,25,35, 13.60, 5.00, 7.00, 82.70,Astralis Astralis,20, 0.58,35,15,68, 7.00, 3.00, 13.60, 51.32,-18, 0.94,33,10,-33, 156.9,0
Spirit Spirit,4, 1.53,71,18,38, 14.20, 3.60, 7.60, 90.00,Liquid Liquid,8, 0.68,38,14,71, 7.60, 2.80, 14.20, 59.72,-4, 0.85,33,4,-33, 151.4,0
Spirit Spirit,4, 0.79,68,22,94, 13.60, 4.40, 18.80, 61.06,Liquid Liquid,8, 1.30,94,19,70, 18.80, 3.80, 14.00, 83.08,-4,-0.51,-26,3,24,-110.1,1
Spirit Spirit,4, 1.02,78,14,79, 15.60, 2.80, 15.80, 75.72,Liquid Liquid,8, 1.12,79,32,78, 15.80, 6.40, 15.60, 75.10,-4,-0.10,-1,-18,1, 3.1,1
Falcons Falcons,19, 1.00,83,19,90, 16.60, 3.80, 18.00, 76.26,FaZe FaZe,7, 1.16,90,22,83, 18.00, 4.40, 16.60, 80.20,12,-0.16,-7,-3,7,-19.7,1
Falcons Falcons,19, 1.13,148,60,142, 29.60, 12.00, 28.40, 76.42,FaZe FaZe,7, 0.98,141,67,149, 28.20, 13.40, 29.80, 75.28,12, 0.15,7,-7,-7, 5.7,0
Falcons Falcons,19, 0.83,59,27,78, 11.80, 5.40, 15.60, 70.78,FaZe FaZe,7, 1.40,78,35,59, 15.60, 7.00, 11.80, 84.32,12,-0.57,-19,-8,19,-67.7,1
Natus Vincere Natus Vincere,1, 1.19,81,19,73, 16.20, 3.80, 14.60, 79.04,G2 G2,3, 0.94,73,24,82, 14.60, 4.80, 16.40, 72.32,-2, 0.25,8,-5,-9, 33.6,0
Natus Vincere Natus Vincere,1, 1.19,85,34,76, 17.00, 6.80, 15.20, 79.92,G2 G2,3, 1.02,76,32,86, 15.20, 6.40, 17.20, 77.64,-2, 0.17,9,2,-10, 11.4,0
Astralis Astralis,17, 1.61,69,22,36, 13.80, 4.40, 7.20, 88.00,Spirit Spirit,4, 0.51,34,10,69, 6.80, 2.00, 13.80, 58.88,13, 1.10,35,12,-33, 145.6,0
Astralis Astralis,17, 0.59,38,10,68, 7.60, 2.00, 13.60, 53.94,Spirit Spirit,4, 1.45,68,36,38, 13.60, 7.20, 7.60, 80.04,13,-0.86,-30,-26,30,-130.5,1
Astralis Astralis,17, 1.05,78,30,78, 15.60, 6.00, 15.60, 71.22,Astralis Astralis,4, 1.05,78,30,78, 15.60, 6.00, 15.60, 71.22,13, 0.00,0,0,0, 0.0,1
Vitality Vitality,2, 1.15,98,37,88, 19.60, 7.40, 17.60, 75.96,Liquid Liquid,8, 0.95,88,33,98, 17.60, 6.60, 19.60, 68.04,-6, 0.20,10,4,-10, 39.6,0
Vitality Vitality,2, 1.11,80,14,72, 16.00, 2.80, 14.40, 71.36,Liquid Liquid,8, 0.94,72,18,80, 14.40, 3.60, 16.00, 69.62,-6, 0.17,8,-4,-8, 8.7,0
G2 G2,3, 1.10,77,29,71, 15.40, 5.80, 14.20, 72.40,Spirit Spirit,4, 0.96,69,19,78, 13.80, 3.80, 15.60, 71.06,-1, 0.14,8,10,-7, 6.7,0
G2 G2,3, 1.05,101,39,92, 20.20, 7.80, 18.40, 73.90,Spirit Spirit,4, 0.98,91,31,101, 18.20, 6.20, 20.20, 70.72,-1, 0.07,10,8,-9, 15.9,0
FaZe FaZe,7, 1.29,72,25,54, 14.40, 5.00, 10.80, 79.94,Liquid Liquid,8, 0.85,54,30,73, 10.80, 6.00, 14.60, 64.68,-1, 0.44,18,-5,-19, 76.3,0
FaZe FaZe,7, 1.46,66,28,39, 13.20, 5.60, 7.80, 85.00,Liquid Liquid,8, 0.65,39,10,66, 7.80, 2.00, 13.20, 57.92,-1, 0.81,27,18,-27, 135.4,0
Vitality Vitality,2, 1.10,75,21,69, 15.00, 4.20, 13.80, 73.44,G2 G2,3, 1.04,69,26,75, 13.80, 5.20, 15.00, 70.90,-1, 0.06,6,-5,-6, 12.7,0
Vitality Vitality,2, 0.86,57,18,72, 11.40, 3.60, 14.40, 66.22,G2 G2,3, 1.20,71,30,57, 14.20, 6.00, 11.40, 77.72,-1,-0.34,-14,-12,15,-57.5,1
Vitality Vitality,2, 0.95,94,40,112, 18.80, 8.00, 22.40, 70.68,G2 G2,3, 1.19,110,30,94, 22.00, 6.00, 18.80, 81.54,-1,-0.24,-16,10,18,-54.3,1
Natus Vincere Natus Vincere,1, 1.04,79,37,83, 15.80, 7.40, 16.60, 77.26,FaZe FaZe,7, 1.15,83,32,79, 16.60, 6.40, 15.80, 78.34,-6,-0.11,-4,5,4,-5.4,1
Natus Vincere Natus Vincere,1, 1.05,77,38,77, 15.40, 7.60, 15.40, 70.84,FaZe FaZe,7, 1.00,77,20,78, 15.40, 4.00, 15.60, 70.42,-6, 0.05,0,18,-1, 2.1,0
Natus Vincere Natus Vincere,1, 1.60,66,33,42, 13.20, 6.60, 8.40, 89.94,FaZe FaZe,7, 0.69,42,11,66, 8.40, 2.20, 13.20, 60.20,-6, 0.91,24,22,-24, 148.7,0
G2 G2,3, 1.14,77,32,63, 15.40, 6.40, 12.60, 72.82,Natus Vincere Natus Vincere,1, 0.91,63,18,77, 12.60, 3.60, 15.40, 66.26,2, 0.23,14,14,-14, 32.8,0
G2 G2,3, 1.11,78,30,71, 15.60, 6.00, 14.20, 72.28,Natus Vincere Natus Vincere,1, 0.91,70,20,78, 14.00, 4.00, 15.60, 66.84,2, 0.20,8,10,-7, 27.2,0
G2 G2,3, 1.03,82,22,88, 16.40, 4.40, 17.60, 73.54,Natus Vincere Natus Vincere,1, 1.17,88,30,82, 17.60, 6.00, 16.40, 77.48,2,-0.14,-6,-8,6,-19.7,1
G2 G2,3, 1.07,63,24,58, 12.60, 4.80, 11.60, 67.76,Natus Vincere Natus Vincere,1, 0.91,58,22,63, 11.60, 4.40, 12.60, 61.82,2, 0.16,5,2,-5, 29.7,0
FaZe FaZe,6, 0.83,57,26,78, 11.40, 5.20, 15.60, 64.40,FURIA FURIA,14, 1.29,78,23,57, 15.60, 4.60, 11.40, 80.62,-8,-0.46,-21,3,21,-81.1,1
MOUZ MOUZ,5, 1.05,79,25,80, 15.80, 5.00, 16.00, 73.60,paiN paiN,12, 1.03,80,28,79, 16.00, 5.60, 15.80, 72.82,-7, 0.02,-1,-3,1, 3.9,0
Natus Vincere Natus Vincere,1, 1.63,68,19,31, 13.60, 3.80, 6.20, 92.94,Imperial Imperial,22, 0.46,31,6,68, 6.20, 1.20, 13.60, 53.48,-21, 1.17,37,13,-37, 197.3,0
Liquid Liquid,8, 1.28,71,19,53, 14.20, 3.80, 10.60, 81.54,Complexity Complexity,10, 0.79,51,21,72, 10.20, 4.20, 14.40, 64.68,-2, 0.49,20,-2,-19, 84.3,0
Vitality Vitality,3, 1.39,61,27,44, 12.20, 5.40, 8.80, 84.44,9z 9z,24, 0.68,43,12,61, 8.60, 2.40, 12.20, 62.24,-21, 0.71,18,15,-17, 111.0,0
G2 G2,2, 0.88,73,25,92, 14.60, 5.00, 18.40, 70.80,HEROIC HEROIC,16, 1.27,92,24,73, 18.40, 4.80, 14.60, 86.94,-14,-0.39,-19,1,19,-80.7,1
Virtus.pro Virtus.pro,9, 0.94,70,25,75, 14.00, 5.00, 15.00, 68.54,The MongolZ The MongolZ,13, 1.10,75,28,71, 15.00, 5.60, 14.20, 73.44,-4,-0.16,-5,-3,4,-24.5,1
Eternal Fire Eternal Fire,7, 0.97,70,20,80, 14.00, 4.00, 16.00, 67.70,Astralis Astralis,17, 1.08,80,34,72, 16.00, 6.80, 14.40, 72.12,-10,-0.11,-10,-14,8,-22.1,1
FURIA FURIA,14, 1.25,75,25,61, 15.00, 5.00, 12.20, 78.26,MOUZ MOUZ,5, 0.78,58,10,78, 11.60, 2.00, 15.60, 67.36,9, 0.47,17,15,-17, 54.5,0
FURIA FURIA,14, 0.70,41,15,65, 8.20, 3.00, 13.00, 57.52,MOUZ MOUZ,5, 1.29,65,21,42, 13.00, 4.20, 8.40, 76.04,9,-0.59,-24,-6,23,-92.6,1
FURIA FURIA,14, 1.44,73,42,51, 14.60, 8.40, 10.20, 82.82,MOUZ MOUZ,5, 0.74,51,19,73, 10.20, 3.80, 14.60, 65.94,9, 0.70,22,23,-22, 84.4,0
FaZe FaZe,6, 1.16,77,32,68, 15.40, 6.40, 13.60, 78.44,paiN paiN,12, 0.94,68,22,77, 13.60, 4.40, 15.40, 67.62,-6, 0.22,9,10,-9, 54.1,0
FaZe FaZe,6, 1.00,91,31,97, 18.20, 6.20, 19.40, 71.88,paiN paiN,12, 1.02,96,29,91, 19.20, 5.80, 18.20, 73.44,-6,-0.02,-5,2,6,-7.8,1
FaZe FaZe,6, 1.28,81,28,63, 16.20, 5.60, 12.60, 83.54,paiN paiN,12, 0.80,63,14,83, 12.60, 2.80, 16.60, 66.72,-6, 0.48,18,14,-20, 84.1,0
Imperial Imperial,22, 0.92,87,22,94, 17.40, 4.40, 18.80, 70.18,Complexity Complexity,10, 1.10,93,28,87, 18.60, 5.60, 17.40, 73.58,12,-0.18,-6,-6,7,-17.0,1
Imperial Imperial,22, 1.13,87,28,81, 17.40, 5.60, 16.20, 78.40,Complexity Complexity,10, 1.00,81,29,87, 16.20, 5.80, 17.40, 76.08,12, 0.13,6,-1,-6, 11.6,0
Imperial Imperial,22, 0.68,44,10,75, 8.80, 2.00, 15.00, 57.62,Complexity Complexity,10, 1.49,75,29,44, 15.00, 5.80, 8.80, 87.40,12,-0.81,-31,-19,31,-148.9,1
Natus Vincere Natus Vincere,1, 0.77,50,19,66, 10.00, 3.80, 13.20, 69.50,Liquid Liquid,8, 1.29,65,20,50, 13.00, 4.00, 10.00, 81.16,-7,-0.52,-15,-1,16,-58.3,1
Natus Vincere Natus Vincere,1, 1.42,72,32,45, 14.40, 6.40, 9.00, 83.00,Liquid Liquid,8, 0.67,45,15,72, 9.00, 3.00, 14.40, 61.00,-7, 0.75,27,17,-27, 110.0,0
Natus Vincere Natus Vincere,1, 1.10,79,23,70, 15.80, 4.60, 14.00, 74.36,Liquid Liquid,8, 0.91,68,29,79, 13.60, 5.80, 15.80, 66.10,-7, 0.19,11,-6,-9, 41.3,0
Vitality Vitality,3, 1.16,134,38,117, 26.80, 7.60, 23.40, 79.10,The MongolZ The MongolZ,13, 0.98,115,53,135, 23.00, 10.60, 27.00, 70.68,-10, 0.18,19,-15,-18, 42.1,0
Vitality Vitality,3, 1.17,78,22,73, 15.60, 4.40, 14.60, 78.20,The MongolZ The MongolZ,13, 1.02,73,18,79, 14.60, 3.60, 15.80, 76.60,-10, 0.15,5,4,-6, 8.0,0
9z 9z,24, 1.39,76,26,55, 15.20, 5.20, 11.00, 84.56,Virtus.pro Virtus.pro,9, 0.78,55,27,76, 11.00, 5.40, 15.20, 65.60,15, 0.61,21,-1,-21, 94.8,0
9z 9z,24, 0.88,64,23,73, 12.80, 4.60, 14.60, 63.02,Virtus.pro Virtus.pro,9, 1.05,72,27,65, 14.40, 5.40, 13.00, 67.62,15,-0.17,-8,-4,8,-23.0,1
9z 9z,24, 0.50,32,7,56, 6.40, 1.40, 11.20, 50.04,Virtus.pro Virtus.pro,9, 1.40,54,21,34, 10.80, 4.20, 6.80, 78.06,15,-0.90,-22,-14,22,-140.1,1
G2 G2,2, 0.68,42,14,74, 8.40, 2.80, 14.80, 57.64,Eternal Fire Eternal Fire,7, 1.47,74,24,42, 14.80, 4.80, 8.40, 90.18,-5,-0.79,-32,-10,32,-162.7,1
G2 G2,2, 0.80,52,17,76, 10.40, 3.40, 15.20, 66.16,Eternal Fire Eternal Fire,7, 1.32,76,33,52, 15.20, 6.60, 10.40, 84.24,-5,-0.52,-24,-16,24,-90.4,1
HEROIC HEROIC,16, 1.20,82,25,72, 16.40, 5.00, 14.40, 81.22,Astralis Astralis,17, 0.99,72,25,82, 14.40, 5.00, 16.40, 73.10,-1, 0.21,10,0,-10, 40.6,0
HEROIC HEROIC,16, 1.21,76,25,60, 15.20, 5.00, 12.00, 82.80,Astralis Astralis,17, 0.94,60,20,76, 12.00, 4.00, 15.20, 71.04,-1, 0.27,16,5,-16, 58.8,0
FaZe FaZe,6, 1.37,75,27,49, 15.00, 5.40, 9.80, 85.44,Liquid Liquid,8, 0.78,49,14,75, 9.80, 2.80, 15.00, 64.54,-2, 0.59,26,13,-26, 104.5,0
FaZe FaZe,6, 1.31,76,34,57, 15.20, 6.80, 11.40, 82.26,Liquid Liquid,8, 0.82,57,20,76, 11.40, 4.00, 15.20, 66.42,-2, 0.49,19,14,-19, 79.2,0
MOUZ MOUZ,5, 1.19,101,40,85, 20.20, 8.00, 17.00, 78.70,Complexity Complexity,10, 0.94,85,33,101, 17.00, 6.60, 20.20, 70.12,-5, 0.25,16,7,-16, 42.9,0
MOUZ MOUZ,5, 1.10,103,30,93, 20.60, 6.00, 18.60, 77.48,Complexity Complexity,10, 1.01,91,37,103, 18.20, 7.40, 20.60, 74.44,-5, 0.09,12,-7,-10, 15.2,0
Virtus.pro Virtus.pro,8, 1.09,120,29,107, 24.00, 5.80, 21.40, 75.86,Astralis Astralis,17, 0.92,107,40,121, 21.40, 8.00, 24.20, 69.18,-9, 0.17,13,-11,-14, 33.4,0
Virtus.pro Virtus.pro,8, 1.19,84,29,73, 16.80, 5.80, 14.60, 82.74,Astralis Astralis,17, 0.91,72,20,87, 14.40, 4.00, 17.40, 73.78,-9, 0.28,12,9,-14, 44.8,0
The MongolZ The MongolZ,13, 1.67,72,20,31, 14.40, 4.00, 6.20, 97.64,Eternal Fire Eternal Fire,7, 0.49,31,12,72, 6.20, 2.40, 14.40, 50.24,6, 1.18,41,8,-41, 237.0,0
The MongolZ The MongolZ,13, 0.88,63,17,78, 12.60, 3.40, 15.60, 68.92,Eternal Fire Eternal Fire,7, 1.15,78,26,64, 15.60, 5.20, 12.80, 80.78,6,-0.27,-15,-9,14,-59.3,1
The MongolZ The MongolZ,13, 1.54,68,25,40, 13.60, 5.00, 8.00, 83.68,Eternal Fire Eternal Fire,7, 0.63,39,13,68, 7.80, 2.60, 13.60, 58.82,6, 0.91,29,12,-28, 124.3,0
Vitality Vitality,3, 1.01,81,33,91, 16.20, 6.60, 18.20, 73.08,HEROIC HEROIC,16, 1.20,89,31,82, 17.80, 6.20, 16.40, 79.32,-13,-0.19,-8,2,9,-31.2,1
Vitality Vitality,3, 0.77,49,15,66, 9.80, 3.00, 13.20, 60.32,HEROIC HEROIC,16, 1.30,66,13,50, 13.20, 2.60, 10.00, 76.44,-13,-0.53,-17,2,16,-80.6,1
FURIA FURIA,14, 1.15,79,25,60, 15.80, 5.00, 12.00, 73.02,Natus Vincere Natus Vincere,1, 0.84,60,24,80, 12.00, 4.80, 16.00, 62.10,13, 0.31,19,1,-20, 54.6,0
FURIA FURIA,14, 1.39,66,25,43, 13.20, 5.00, 8.60, 80.96,Natus Vincere Natus Vincere,1, 0.74,43,12,66, 8.60, 2.40, 13.20, 57.48,13, 0.65,23,13,-23, 117.4,0
Virtus.pro Virtus.pro,9, 0.92,70,29,73, 14.00, 5.80, 14.60, 66.82,The MongolZ The MongolZ,13, 1.02,72,22,74, 14.40, 4.40, 14.80, 70.84,-4,-0.10,-2,7,-1,-20.1,0
Virtus.pro Virtus.pro,9, 1.52,68,27,43, 13.60, 5.40, 8.60, 88.28,The MongolZ The MongolZ,13, 0.72,43,21,68, 8.60, 4.20, 13.60, 66.36,-4, 0.80,25,6,-25, 109.6,0
FaZe FaZe,6, 0.84,55,24,75, 11.00, 4.80, 15.00, 60.90,MOUZ MOUZ,5, 1.26,75,25,55, 15.00, 5.00, 11.00, 78.24,1,-0.42,-20,-1,20,-86.7,1
FaZe FaZe,6, 1.06,102,39,102, 20.40, 7.80, 20.40, 72.86,MOUZ MOUZ,5, 1.04,101,34,102, 20.20, 6.80, 20.40, 74.68,1, 0.02,1,5,0,-9.1,0
FaZe FaZe,6, 0.80,57,20,77, 11.40, 4.00, 15.40, 63.64,MOUZ MOUZ,5, 1.30,76,22,58, 15.20, 4.40, 11.60, 80.16,1,-0.50,-19,-2,19,-82.6,1
Vitality Vitality,3, 1.25,75,22,61, 15.00, 4.40, 12.20, 78.90,MOUZ MOUZ,5, 0.85,60,25,75, 12.00, 5.00, 15.00, 66.42,-2, 0.40,15,-3,-14, 62.4,0
Vitality Vitality,3, 1.04,85,18,81, 17.00, 3.60, 16.20, 75.34,MOUZ MOUZ,5, 1.03,81,26,89, 16.20, 5.20, 17.80, 75.44,-2, 0.01,4,-8,-8,-0.5,1
Vitality Vitality,3, 0.88,64,25,77, 12.80, 5.00, 15.40, 64.66,MOUZ MOUZ,5, 1.14,77,30,65, 15.40, 6.00, 13.00, 74.18,-2,-0.26,-13,-5,12,-47.6,1
Virtus.pro Virtus.pro,9, 0.69,41,9,70, 8.20, 1.80, 14.00, 61.24,Natus Vincere Natus Vincere,1, 1.38,68,24,42, 13.60, 4.80, 8.40, 84.10,8,-0.69,-27,-15,28,-114.3,1
Virtus.pro Virtus.pro,9, 1.13,83,28,74, 16.60, 5.60, 14.80, 75.94,Natus Vincere Natus Vincere,1, 0.93,74,13,83, 14.80, 2.60, 16.60, 66.92,8, 0.20,9,15,-9, 45.1,1
HEROIC HEROIC,16, 1.13,78,32,75, 15.60, 6.40, 15.00, 77.06,Natus Vincere Natus Vincere,1, 1.03,75,23,78, 15.00, 4.60, 15.60, 76.54,15, 0.10,3,9,-3, 2.6,0
HEROIC HEROIC,16, 0.96,94,26,99, 18.80, 5.20, 19.80, 71.60,Natus Vincere Natus Vincere,1, 1.07,98,31,94, 19.60, 6.20, 18.80, 71.90,15,-0.11,-4,-5,5,-1.5,1
HEROIC HEROIC,16, 0.69,49,18,73, 9.80, 3.60, 14.60, 61.24,Natus Vincere Natus Vincere,1, 1.37,73,24,49, 14.60, 4.80, 9.80, 81.16,15,-0.68,-24,-6,24,-99.6,1
FURIA FURIA,14, 0.61,38,13,72, 7.60, 2.60, 14.40, 55.08,MOUZ MOUZ,5, 1.56,72,22,38, 14.40, 4.40, 7.60, 91.90,9,-0.95,-34,-9,34,-184.1,1
FURIA FURIA,14, 0.70,43,14,68, 8.60, 2.80, 13.60, 60.26,MOUZ MOUZ,5, 1.42,68,29,43, 13.60, 5.80, 8.60, 86.44,9,-0.72,-25,-15,25,-130.9,1
Natus Vincere Natus Vincere,1, 1.18,82,41,69, 16.40, 8.20, 13.80, 73.24,MOUZ MOUZ,5, 0.92,68,22,82, 13.60, 4.40, 16.40, 66.64,-4, 0.26,14,19,-13, 33.0,0
Natus Vincere Natus Vincere,1, 1.76,68,29,32, 13.60, 5.80, 6.40, 93.74,MOUZ MOUZ,5, 0.48,32,11,68, 6.40, 2.20, 13.60, 52.16,-4, 1.28,36,18,-36, 207.9,0
Natus Vincere Natus Vincere,1, 0.72,50,17,78, 10.00, 3.40, 15.60, 63.14,MOUZ MOUZ,5, 1.39,78,22,50, 15.60, 4.40, 10.00, 84.62,-4,-0.67,-28,-5,28,-107.4,1
Natus Vincere Natus Vincere,1, 1.20,91,32,77, 18.20, 6.40, 15.40, 81.90,MOUZ MOUZ,5, 0.94,77,30,93, 15.40, 6.00, 18.60, 70.18,-4, 0.26,14,2,-16, 58.6,0
